{
    "lightgbm": {
        "mae": 13.361628343151494,
        "rmse": 35.4215635154782,
        "r2": 0.9978841640779794,
        "mape": 19.840647324919953,
        "mean_actual": 293.4718322753906,
        "mean_predicted": 294.082942747614,
        "std_actual": 770.0638427734375,
        "std_predicted": 769.653549543973,
        "within_5p_error": 32.2485819243667,
        "within_10p_error": 47.34752515059124,
        "within_20p_error": 65.87795765877958,
        "prediction_interval_coverage": 0.9180112196816796,
        "target_coverage": 0.9,
        "average_interval_width": 65.91685668605896,
        "relative_interval_width": 0.22461049258708954,
        "min_interval_width": 65.91685668605885,
        "max_interval_width": 65.91685668605908,
        "interval_sharpness": 65.91685668605896,
        "avg_deviation_from_center": 13.361628343151494
    },
    "xgboost": {
        "mae": 12.89681625366211,
        "rmse": 35.66101837158203,
        "r2": 0.9978554844856262,
        "mape": 17.35620880126953,
        "mean_actual": 293.4718322753906,
        "mean_predicted": 294.09942626953125,
        "std_actual": 770.0638427734375,
        "std_predicted": 768.6785278320312,
        "within_5p_error": 35.07185046670597,
        "within_10p_error": 51.29159070413848,
        "within_20p_error": 69.54328790546423,
        "prediction_interval_coverage": 0.914505557138786,
        "target_coverage": 0.9,
        "average_interval_width": 60.0833625793457,
        "relative_interval_width": 0.2047329843044281,
        "min_interval_width": 60.0830078125,
        "max_interval_width": 60.08349609375,
        "interval_sharpness": 60.0833625793457,
        "avg_deviation_from_center": 12.89681625366211
    }
}